City_ID,City,Country,Date,Lat,Lng,Max Temp,Humidity,Cloudiness,Wind Speed,Current Description,Rain inches,Snow inches
0,Gombong,ID,2020-02-28 04:14:32,-7.61,109.51,91.85,59,54,1.66,Clouds,0.0,0.0
1,Ushuaia,AR,2020-02-28 04:14:32,-54.8,-68.3,46.4,81,40,36.91,Clouds,0.0,0.0
2,Bethel,US,2020-02-28 04:14:33,41.37,-73.41,33.8,42,20,17.22,Clouds,0.0,0.0
3,Salinopolis,BR,2020-02-28 04:14:33,-0.61,-47.36,80.73,76,93,14.81,Clouds,0.0,0.0
4,Klaksvik,FO,2020-02-28 04:14:33,62.23,-6.59,33.8,64,100,9.17,Clouds,0.0,0.0
5,Barrow,US,2020-02-28 04:14:34,71.29,-156.79,-36.4,90,1,10.29,Clear,0.0,0.0
6,Slave Lake,CA,2020-02-28 04:14:34,55.28,-114.77,37.4,64,75,5.82,Clouds,0.0,0.0
7,Ouargaye,BF,2020-02-28 04:14:35,11.5,0.06,75.34,14,2,10.11,Clear,0.0,0.0
8,Nome,US,2020-02-28 04:14:35,64.5,-165.41,1.4,77,1,0.98,Clear,0.0,0.0
9,Alyangula,AU,2020-02-28 04:14:35,-13.85,136.42,89.6,66,75,4.7,Clouds,0.0,0.0
10,Albany,US,2020-02-28 04:11:57,42.6,-73.97,28.99,57,75,26.4,Clouds,0.0,0.0
11,Tsaratanana,MG,2020-02-28 04:14:36,-16.78,47.65,66.79,91,32,4.72,Clouds,0.0,0.0
12,Dikson,RU,2020-02-28 04:14:36,73.51,80.55,15.13,91,100,25.68,Snow,0.0,0.31
13,Provideniya,RU,2020-02-28 04:14:37,64.38,-173.3,-0.4,77,40,6.71,Clouds,0.0,0.0
14,Kapaa,US,2020-02-28 04:14:37,22.08,-159.32,80.6,64,20,19.46,Clouds,0.0,0.0
15,College,US,2020-02-28 04:14:37,64.86,-147.8,-0.4,69,1,4.14,Clear,0.0,0.0
16,Vieques,PR,2020-02-28 04:14:38,18.43,-65.83,75.2,78,40,10.0,Clouds,0.0,0.0
17,Qaanaaq,GL,2020-02-28 04:14:38,77.48,-69.36,-15.07,97,100,3.76,Clouds,0.0,0.0
18,Port Alfred,ZA,2020-02-28 04:14:38,-33.59,26.89,62.01,89,84,12.62,Rain,0.25,0.0
19,Airai,TL,2020-02-28 04:14:39,-8.93,125.41,83.17,55,98,4.47,Clouds,0.0,0.0
20,Sisimiut,GL,2020-02-28 04:14:40,66.94,-53.67,-13.74,77,42,5.53,Clouds,0.0,0.0
21,Chardara,KZ,2020-02-28 04:14:40,41.25,67.97,36.5,67,0,4.83,Clear,0.0,0.0
22,Kupang,ID,2020-02-28 04:14:41,-10.17,123.58,87.8,74,75,19.46,Clouds,0.0,0.0
23,Maracacume,BR,2020-02-28 04:14:41,-2.04,-45.96,73.83,99,100,2.48,Rain,0.31,0.0
24,Portland,US,2020-02-28 04:11:50,45.52,-122.68,54.0,76,1,4.7,Clear,0.0,0.0
25,Saint-Philippe,RE,2020-02-28 04:14:42,-21.36,55.77,84.2,70,20,5.82,Clouds,0.0,0.0
26,Cape Town,ZA,2020-02-28 04:14:42,-33.93,18.42,66.0,72,0,16.11,Clear,0.0,0.0
27,Khasan,RU,2020-02-28 04:14:43,42.43,130.64,32.81,56,100,3.98,Clouds,0.0,0.0
28,Murgab,TM,2020-02-28 04:14:43,37.5,61.97,33.8,42,0,3.2,Clear,0.0,0.0
29,Mar Del Plata,AR,2020-02-28 04:12:29,-38.0,-57.56,66.2,72,89,8.05,Clouds,0.0,0.0
30,Anicuns,BR,2020-02-28 04:11:59,-16.46,-49.96,69.55,95,100,3.53,Clouds,0.0,0.0
31,Pareora,NZ,2020-02-28 04:14:44,-44.49,171.21,82.0,37,83,5.01,Clouds,0.0,0.0
32,Lingao,CN,2020-02-28 04:14:44,19.91,109.69,71.22,89,86,10.04,Clouds,0.0,0.0
33,Khatanga,RU,2020-02-28 04:14:45,71.97,102.5,0.1,82,71,8.43,Clouds,0.0,0.0
34,Cabedelo,BR,2020-02-28 04:14:45,-6.98,-34.83,78.8,94,75,3.36,Clouds,0.0,0.0
35,Umea,SE,2020-02-28 04:14:46,63.83,20.26,8.6,84,46,4.7,Clouds,0.0,0.0
36,Rikitea,PF,2020-02-28 04:14:46,-23.12,-134.97,80.24,71,100,5.57,Rain,3.69,0.0
37,Mehamn,NO,2020-02-28 04:14:46,71.04,27.85,30.2,80,75,11.41,Clouds,0.0,0.0
38,Flinders,AU,2020-02-28 04:14:46,-34.58,150.86,78.01,53,40,12.75,Clouds,0.0,0.0
39,Natal,BR,2020-02-28 04:14:47,-5.79,-35.21,80.6,83,75,2.24,Clouds,0.0,0.0
40,El Dovio,CO,2020-02-28 04:14:47,4.51,-76.24,69.8,77,40,6.93,Clouds,0.0,0.0
41,Sao Filipe,CV,2020-02-28 04:14:47,14.9,-24.5,72.91,70,0,0.72,Clear,0.0,0.0
42,Nabire,ID,2020-02-28 04:11:05,-3.37,135.48,81.82,74,100,2.3,Clouds,0.0,0.0
43,Hamilton,US,2020-02-28 04:14:48,39.18,-84.53,35.01,64,90,10.29,Clouds,0.0,0.0
44,Nikolskoye,RU,2020-02-28 04:14:49,59.7,30.79,28.4,79,90,8.95,Clouds,0.0,0.0
45,Kauhajoki,FI,2020-02-28 04:14:49,62.43,22.18,8.01,84,0,3.69,Clear,0.0,0.0
46,East London,ZA,2020-02-28 04:14:49,-33.02,27.91,60.8,93,20,6.93,Clouds,0.0,0.0
47,Vidim,RU,2020-02-28 04:14:50,56.41,103.11,13.03,85,0,2.64,Clear,0.0,0.0
48,Mafeteng,LS,2020-02-28 04:14:50,-29.82,27.24,56.59,89,0,5.41,Clear,0.0,0.0
49,Mpika,ZM,2020-02-28 04:14:50,-11.83,31.45,61.72,97,100,8.46,Rain,0.56,0.0
50,Mayumba,GA,2020-02-28 04:14:51,-3.43,10.66,82.35,86,100,15.93,Rain,6.88,0.0
51,Danielskuil,ZA,2020-02-28 04:14:51,-28.19,23.54,58.95,84,7,13.44,Clear,0.0,0.0
52,Meulaboh,ID,2020-02-28 04:14:52,4.14,96.13,81.95,76,0,5.64,Clear,0.0,0.0
53,Byron Bay,AU,2020-02-28 04:14:52,-28.65,153.62,87.8,61,28,11.41,Rain,1.94,0.0
54,Arraial Do Cabo,BR,2020-02-28 04:13:23,-22.97,-42.03,74.97,83,100,10.94,Rain,0.31,0.0
55,Busselton,AU,2020-02-28 04:14:52,-33.65,115.33,90.0,30,2,7.4,Rain,1.63,0.0
56,Laguna,US,2020-02-28 04:14:53,38.42,-121.42,64.4,54,1,2.35,Clear,0.0,0.0
57,Caravelas,BR,2020-02-28 04:14:54,-17.71,-39.25,80.76,84,100,13.53,Clouds,0.0,0.0
58,Sawtell,AU,2020-02-28 04:14:54,-30.38,153.1,86.0,78,23,12.75,Clouds,0.0,0.0
59,Mataura,NZ,2020-02-28 04:14:55,-46.19,168.86,77.68,47,0,10.04,Clear,0.0,0.0
60,Saint-Joseph,RE,2020-02-28 04:14:55,-21.37,55.62,84.2,70,20,5.82,Clouds,0.0,0.0
61,Baruun-Urt,MN,2020-02-28 04:14:56,46.68,113.28,7.21,80,0,7.74,Clear,0.0,0.0
62,Chicama,PE,2020-02-28 04:14:56,-7.84,-79.15,73.4,83,75,10.29,Mist,0.0,0.0
63,Vostok,RU,2020-02-28 04:14:57,46.49,135.88,21.72,85,100,3.15,Clouds,0.0,0.0
64,Sinnamary,GF,2020-02-28 04:14:57,5.38,-52.95,78.48,75,0,12.93,Clear,0.0,0.0
65,Talnakh,RU,2020-02-28 04:14:57,69.49,88.4,10.4,72,98,20.13,Clouds,0.0,0.0
66,Kaitangata,NZ,2020-02-28 04:14:58,-46.28,169.85,69.01,70,69,4.0,Clouds,0.0,0.0
67,Lagoa,PT,2020-02-28 04:14:58,39.05,-27.98,62.62,87,91,14.47,Clouds,0.0,0.0
68,Ayolas,PY,2020-02-28 04:14:59,-27.4,-56.9,67.01,56,0,4.16,Clear,0.0,0.0
69,Pevek,RU,2020-02-28 04:10:55,69.7,170.31,8.65,88,100,8.1,Snow,0.0,0.38
70,Ibra,OM,2020-02-28 04:14:59,22.69,58.53,67.57,61,67,7.29,Clouds,0.0,0.0
71,Kavieng,PG,2020-02-28 04:15:00,-2.57,150.8,84.09,74,89,4.47,Rain,1.31,0.0
72,San Policarpo,PH,2020-02-28 04:15:00,12.18,125.51,80.19,75,100,16.98,Rain,0.25,0.0
73,Lata,PT,2020-02-28 04:15:00,40.16,-8.33,51.01,100,75,3.36,Mist,0.0,0.0
74,Geraldton,AU,2020-02-28 04:15:00,-28.77,114.6,77.0,78,90,12.75,Clouds,0.0,0.0
75,Tual,ID,2020-02-28 04:15:01,-5.67,132.75,83.57,76,100,9.1,Clouds,0.0,0.0
76,Rodez,FR,2020-02-28 04:15:02,44.5,2.58,35.01,96,90,2.24,Fog,0.0,0.0
77,Lac Du Bonnet,CA,2020-02-28 04:12:34,50.25,-96.06,8.01,86,100,0.83,Clouds,0.0,0.0
78,Carlisle,US,2020-02-28 04:12:40,40.2,-77.19,32.0,59,90,11.41,Clouds,0.0,0.0
79,Cabo San Lucas,MX,2020-02-28 04:11:49,22.89,-109.91,66.2,77,5,1.74,Clear,0.0,0.0
80,Taft,IR,2020-02-28 04:15:03,31.75,54.21,41.0,65,0,4.7,Clear,0.0,0.0
81,Bayir,TR,2020-02-28 04:15:03,37.27,28.22,46.4,93,75,2.24,Clouds,0.0,0.0
82,Punta Arenas,CL,2020-02-28 04:15:04,-53.15,-70.92,50.0,66,40,32.21,Clouds,0.0,0.0
83,Tasiilaq,GL,2020-02-28 04:15:04,65.61,-37.64,14.0,47,93,4.38,Clouds,0.0,0.0
84,Rawson,AR,2020-02-28 04:12:56,-43.3,-65.1,63.03,69,0,8.93,Clear,0.0,0.0
85,Yilan,TW,2020-02-28 04:15:05,24.76,121.75,80.01,69,75,4.7,Clouds,0.0,0.0
86,Yugorsk,RU,2020-02-28 04:15:05,61.31,63.33,9.25,91,0,4.5,Clear,0.0,0.0
87,Alofi,NU,2020-02-28 04:15:05,-19.06,-169.92,82.6,78,89,12.95,Clouds,0.0,0.0
88,Tabas,IR,2020-02-28 04:15:06,33.6,56.92,41.0,75,0,2.24,Clear,0.0,0.0
89,Castro,BR,2020-02-28 04:15:07,-24.79,-50.01,57.6,85,35,8.79,Clouds,0.0,0.0
90,Emerald,AU,2020-02-28 04:15:07,-23.53,148.17,93.99,46,0,5.82,Clear,0.0,0.0
91,Halkirk,CA,2020-02-28 04:15:07,52.28,-112.15,35.01,65,1,5.01,Clear,0.0,0.0
92,Date,JP,2020-02-28 04:15:08,42.47,140.87,27.19,79,87,5.06,Clouds,0.0,0.0
93,Creston,US,2020-02-28 04:15:08,41.06,-94.36,28.4,68,1,4.7,Clear,0.0,0.0
94,Tubinskiy,RU,2020-02-28 04:15:08,52.89,58.22,32.0,78,90,15.66,Clouds,0.0,0.0
95,Batagay-Alyta,RU,2020-02-28 04:15:09,67.8,130.41,5.92,66,0,4.85,Clear,0.0,0.0
96,Lompoc,US,2020-02-28 04:15:09,34.64,-120.46,63.0,54,1,3.36,Clear,0.0,0.0
97,Zhigansk,RU,2020-02-28 04:15:10,66.77,123.37,-6.61,97,68,4.23,Clouds,0.0,0.0
98,Georgetown,MY,2020-02-28 04:10:40,5.41,100.34,91.4,59,20,3.36,Clouds,0.0,0.0
99,New Norfolk,AU,2020-02-28 04:15:10,-42.78,147.06,66.2,32,39,16.11,Clouds,0.0,0.0
100,Esperance,AU,2020-02-28 04:15:11,-33.87,121.9,68.0,72,100,10.29,Rain,0.25,0.0
101,Malyye Derbety,RU,2020-02-28 04:15:11,47.95,44.68,43.25,76,100,12.71,Clouds,0.0,0.0
102,Taos,US,2020-02-28 04:15:12,36.41,-105.57,32.0,68,1,9.17,Clear,0.0,0.0
103,Morondava,MG,2020-02-28 04:15:12,-20.28,44.28,74.48,94,0,3.22,Clear,0.0,0.0
104,Sembakung,ID,2020-02-28 04:15:12,3.82,117.25,88.25,53,76,4.85,Clouds,0.0,0.0
105,Moerai,PF,2020-02-28 04:15:13,-22.43,-151.33,80.1,78,100,12.46,Rain,1.44,0.0
106,Ayan,RU,2020-02-28 04:15:13,56.45,138.17,14.95,73,0,3.8,Clear,0.0,0.0
107,Nazare,BR,2020-02-28 04:15:14,-13.04,-39.01,74.17,92,1,0.89,Clear,0.0,0.0
108,Hermanus,ZA,2020-02-28 04:15:14,-34.42,19.23,66.0,67,50,14.0,Rain,0.13,0.0
109,Ruteng,ID,2020-02-28 04:15:14,-8.61,120.47,83.82,62,71,4.72,Rain,0.75,0.0
110,Cockburn Town,TC,2020-02-28 04:15:15,21.46,-71.14,77.9,78,0,6.62,Clear,0.0,0.0
111,Biak,ID,2020-02-28 04:15:15,-0.91,122.88,82.76,76,57,5.97,Clouds,0.0,0.0
112,Arman,RU,2020-02-28 04:15:15,59.7,150.17,13.3,70,0,9.91,Clear,0.0,0.0
113,Hongjiang,CN,2020-02-28 04:15:16,27.11,110.0,69.21,68,100,0.58,Clouds,0.0,0.0
114,Quelimane,MZ,2020-02-28 04:15:16,-17.88,36.89,77.0,88,20,2.24,Clouds,0.0,0.0
115,Belfast,GB,2020-02-28 04:15:16,54.58,-5.93,39.0,86,100,5.41,Clouds,0.0,0.0
116,Torbay,CA,2020-02-28 04:15:17,47.67,-52.73,25.0,92,90,18.34,Clouds,0.0,0.0
117,Pangkalanbuun,ID,2020-02-28 04:15:17,-2.68,111.62,93.34,55,90,0.92,Rain,1.0,0.0
118,Coquimbo,CL,2020-02-28 04:15:18,-29.95,-71.34,60.8,87,90,6.93,Clouds,0.0,0.0
119,Turukhansk,RU,2020-02-28 04:15:18,65.82,87.98,8.28,78,0,13.33,Clear,0.0,0.0
120,Chokurdakh,RU,2020-02-28 04:15:18,70.63,147.92,6.3,92,100,12.95,Snow,0.0,0.13
121,Yamada,JP,2020-02-28 04:15:19,39.47,141.95,35.96,69,88,4.0,Clouds,0.0,0.0
122,Sola,VU,2020-02-28 04:15:19,-13.88,167.55,91.4,75,40,5.82,Clouds,0.0,0.0
123,Abu Samrah,SY,2020-02-28 04:15:19,35.3,37.18,50.23,75,100,1.57,Clouds,0.0,0.0
124,Hilo,US,2020-02-28 04:12:51,19.73,-155.09,78.8,47,75,13.87,Clouds,0.0,0.0
125,Rivera,UY,2020-02-28 04:11:03,-30.91,-55.55,64.0,52,0,1.66,Clear,0.0,0.0
126,Port-Gentil,GA,2020-02-28 04:14:04,-0.72,8.78,82.94,80,100,9.19,Clouds,0.0,0.0
127,Saint-Pierre,RE,2020-02-28 04:15:21,-21.34,55.48,84.2,70,20,5.82,Clouds,0.0,0.0
128,Victoria,HK,2020-02-28 04:12:55,22.29,114.16,75.99,64,40,9.17,Clouds,0.0,0.0
129,Lebu,CL,2020-02-28 04:15:21,-37.62,-73.65,57.47,88,0,5.01,Clear,0.0,0.0
130,Oksfjord,NO,2020-02-28 04:15:21,70.24,22.35,19.4,44,14,14.99,Clouds,0.0,0.0
131,Goiatuba,BR,2020-02-28 04:15:22,-18.01,-49.35,71.55,92,100,1.57,Clouds,0.0,0.0
132,Longyearbyen,SJ,2020-02-28 04:14:43,78.22,15.64,-13.0,62,20,3.36,Clouds,0.0,0.0
133,Roma,US,2020-02-28 04:12:19,43.21,-75.46,25.0,49,90,13.87,Clouds,0.0,0.0
134,Dingle,PH,2020-02-28 04:15:23,11.0,122.67,80.67,75,95,16.44,Rain,1.0,0.0
135,Port Hedland,AU,2020-02-28 04:11:29,-20.32,118.57,95.0,59,0,14.99,Clear,0.0,0.0
136,Kodinsk,RU,2020-02-28 04:15:24,58.69,99.18,10.42,91,6,5.86,Clear,0.0,0.0
137,Namibe,AO,2020-02-28 04:12:38,-15.2,12.15,74.84,75,82,9.22,Clouds,0.0,0.0
138,Chuy,UY,2020-02-28 04:15:24,-33.7,-53.46,66.63,59,0,8.12,Clear,0.0,0.0
139,Chipinge,ZW,2020-02-28 04:15:25,-20.19,32.62,62.02,78,79,3.47,Clouds,0.0,0.0
140,Bluff,NZ,2020-02-28 04:15:25,-46.6,168.33,73.6,42,8,5.46,Clear,0.0,0.0
141,Wanning,CN,2020-02-28 04:15:25,18.8,110.4,73.2,88,100,9.15,Rain,3.0,0.0
142,Watsa,CD,2020-02-28 04:15:26,3.04,29.54,65.75,46,37,2.13,Clouds,0.0,0.0
143,Salalah,OM,2020-02-28 04:11:00,17.02,54.09,77.0,22,0,18.34,Clear,0.0,0.0
144,Batagay,RU,2020-02-28 04:12:05,67.63,134.63,4.91,82,0,1.86,Clear,0.0,0.0
145,Kodiak,US,2020-02-28 04:15:27,57.79,-152.41,33.8,69,1,9.17,Clear,0.0,0.0
146,Sidi Ali,DZ,2020-02-28 04:15:27,36.1,0.42,47.03,80,0,1.48,Clear,0.0,0.0
147,Gat,IL,2020-02-28 04:15:28,31.61,34.76,54.0,87,36,4.7,Clouds,0.0,0.0
148,Gamba,GA,2020-02-28 04:15:28,-2.65,10.0,79.45,90,100,1.59,Rain,0.69,0.0
149,Dakar,SN,2020-02-28 04:15:28,14.69,-17.44,77.0,73,0,18.34,Clear,0.0,0.0
150,Potsdam,DE,2020-02-28 04:11:03,52.4,13.07,37.0,86,75,6.93,Clouds,0.0,0.0
151,Butaritari,KI,2020-02-28 04:15:29,3.07,172.79,84.22,81,1,17.49,Rain,0.69,0.0
152,Tura,IN,2020-02-28 04:15:29,25.52,90.22,75.76,44,0,8.03,Clear,0.0,0.0
153,Pisco,PE,2020-02-28 04:15:29,-13.7,-76.22,73.4,88,75,8.05,Clouds,0.0,0.0
154,Marienburg,PL,2020-02-28 04:15:30,54.04,19.03,35.01,91,90,8.05,Clouds,0.0,0.0
155,Roald,NO,2020-02-28 04:15:30,62.58,6.13,37.4,64,100,12.75,Snow,0.0,0.13
156,Carnarvon,AU,2020-02-28 04:15:31,-24.87,113.63,84.2,70,40,17.22,Clouds,0.0,0.0
157,Cartagena,CO,2020-02-28 04:15:31,10.4,-75.51,78.8,88,40,11.41,Clouds,0.0,0.0
158,General Roca,AR,2020-02-28 04:15:31,-39.03,-67.58,77.0,31,0,4.7,Clear,0.0,0.0
159,Auki,SB,2020-02-28 04:15:32,-8.77,160.7,84.52,68,4,3.31,Clear,0.0,0.0
160,Kenora,CA,2020-02-28 04:15:32,49.82,-94.43,10.4,55,5,6.93,Clear,0.0,0.0
161,San Patricio,MX,2020-02-28 04:15:32,19.22,-104.7,75.06,76,0,3.65,Clear,0.0,0.0
162,Takoradi,GH,2020-02-28 04:15:33,4.88,-1.76,77.85,96,39,1.54,Clouds,0.0,0.0
163,Viedma,AR,2020-02-28 04:15:33,-40.81,-63.0,63.82,65,34,8.97,Clouds,0.0,0.0
164,Estelle,US,2020-02-28 04:15:34,29.85,-90.11,48.99,45,1,8.39,Clear,0.0,0.0
165,Sao Joao Da Barra,BR,2020-02-28 04:15:34,-21.64,-41.05,75.45,87,100,11.92,Rain,0.5,0.0
166,Tiksi,RU,2020-02-28 04:15:34,71.69,128.87,1.6,85,90,13.38,Clouds,0.0,0.0
167,Tuatapere,NZ,2020-02-28 04:15:35,-46.13,167.68,71.8,31,0,10.51,Clear,0.0,0.0
168,Montevideo,UY,2020-02-28 04:15:35,-34.83,-56.17,75.0,52,0,6.93,Clear,0.0,0.0
169,Mackay,AU,2020-02-28 04:15:35,-21.15,149.2,93.0,74,0,11.41,Clear,0.0,0.0
170,Shimoda,JP,2020-02-28 04:15:36,34.67,138.95,48.2,66,75,3.36,Clouds,0.0,0.0
171,Bara,NG,2020-02-28 04:15:36,10.37,10.73,72.55,21,51,5.17,Clouds,0.0,0.0
172,Margate,GB,2020-02-28 04:15:36,51.38,1.39,37.0,86,67,6.93,Clouds,0.0,0.0
173,Tongren,CN,2020-02-28 04:15:36,27.72,109.19,55.98,89,100,1.66,Clouds,0.0,0.0
174,Puerto Ayora,EC,2020-02-28 04:15:37,-0.74,-90.35,80.01,100,25,7.0,Rain,0.13,0.0
175,Boa Vista,BR,2020-02-28 04:10:40,2.82,-60.67,82.4,54,17,8.05,Clouds,0.0,0.0
176,Komsomolskiy,UZ,2020-02-28 04:15:37,40.43,71.72,39.2,86,75,6.31,Mist,0.0,0.0
177,Saint-Augustin,CA,2020-02-28 04:15:38,51.23,-58.65,7.99,78,100,25.86,Clouds,0.0,0.0
178,Bondo,CD,2020-02-28 04:15:38,3.81,23.69,68.41,35,51,2.53,Clouds,0.0,0.0
179,Anadyr,RU,2020-02-28 04:15:38,64.75,177.48,-11.0,76,0,8.95,Clear,0.0,0.0
180,Rancharia,BR,2020-02-28 04:15:39,-22.23,-50.89,67.95,96,0,6.22,Clear,0.0,0.0
181,Padang,ID,2020-02-28 04:15:39,-0.95,100.35,83.53,56,21,2.01,Clouds,0.0,0.0
182,Isangel,VU,2020-02-28 04:15:40,-19.55,169.27,89.6,70,40,6.93,Clouds,0.0,0.0
183,Preobrazheniye,RU,2020-02-28 04:12:04,42.9,133.91,31.69,50,89,3.85,Clouds,0.0,0.0
184,Bubaque,GW,2020-02-28 04:15:40,11.28,-15.83,79.12,75,23,10.25,Clouds,0.0,0.0
185,Dawei,MM,2020-02-28 04:15:41,14.08,98.2,78.44,71,9,1.88,Clear,0.0,0.0
186,Avarua,CK,2020-02-28 04:15:41,-21.21,-159.78,80.6,88,5,17.22,Rain,0.56,0.0
187,Ilulissat,GL,2020-02-28 04:15:41,69.22,-51.1,-7.6,52,0,10.29,Clear,0.0,0.0
188,Jieshi,CN,2020-02-28 04:15:42,22.81,115.83,73.0,69,100,8.34,Clouds,0.0,0.0
189,Mehran,IR,2020-02-28 04:15:42,33.12,46.16,41.0,65,100,6.93,Clouds,0.0,0.0
190,Oriximina,BR,2020-02-28 04:15:42,-1.77,-55.87,79.54,73,88,2.19,Clouds,0.0,0.0
191,Bonthe,SL,2020-02-28 04:15:43,7.53,-12.51,77.97,91,69,5.91,Clouds,0.0,0.0
192,Wajir,KE,2020-02-28 04:15:43,1.75,40.06,79.88,69,0,11.03,Clear,0.0,0.0
193,Chalus,IR,2020-02-28 04:15:44,36.66,51.42,42.8,75,31,4.7,Clouds,0.0,0.0
194,Hobart,AU,2020-02-28 04:11:42,-42.88,147.33,66.2,32,15,16.11,Clouds,0.0,0.0
195,Payson,US,2020-02-28 04:15:44,40.04,-111.73,39.99,63,1,2.95,Clear,0.0,0.0
196,Bengkulu,ID,2020-02-28 04:14:44,-3.8,102.27,88.38,57,100,0.76,Clouds,0.0,0.0
197,Constitucion,CL,2020-02-28 04:15:45,-35.33,-72.42,57.65,69,0,1.99,Clear,0.0,0.0
198,Hasaki,JP,2020-02-28 04:15:45,35.73,140.83,52.0,36,20,8.05,Clouds,0.0,0.0
199,Rio Gallegos,AR,2020-02-28 04:15:45,-51.62,-69.22,51.8,57,100,16.11,Clouds,0.0,0.0
200,Saint Anthony,US,2020-02-28 04:15:46,45.02,-93.22,21.2,53,90,4.72,Clouds,0.0,0.0
201,Touros,BR,2020-02-28 04:15:46,-5.2,-35.46,80.6,83,75,2.24,Clouds,0.0,0.0
202,Chiang Khong,TH,2020-02-28 04:15:47,20.26,100.4,80.01,69,20,1.12,Clouds,0.0,0.0
203,Half Moon Bay,US,2020-02-28 04:15:47,37.46,-122.43,66.2,55,75,10.29,Clouds,0.0,0.0
204,Manta,EC,2020-02-28 04:15:47,-0.95,-80.73,80.6,83,40,2.24,Clouds,0.0,0.0
205,Raton,US,2020-02-28 04:15:48,36.9,-104.44,37.4,27,1,9.17,Clear,0.0,0.0
206,Okhotsk,RU,2020-02-28 04:15:48,59.38,143.3,11.08,71,0,8.39,Clear,0.0,0.0
207,Lander,US,2020-02-28 04:15:48,42.83,-108.73,30.2,46,1,3.36,Clear,0.0,0.0
208,Mabaruma,GY,2020-02-28 04:15:49,8.2,-59.78,69.12,97,16,2.26,Clouds,0.0,0.0
209,Atuona,PF,2020-02-28 04:15:49,-9.8,-139.03,81.68,75,1,12.84,Clear,0.0,0.0
210,Xining,CN,2020-02-28 04:12:17,36.62,101.77,36.05,39,0,6.17,Clear,0.0,0.0
211,Vardo,NO,2020-02-28 04:15:50,70.37,31.11,12.2,66,20,2.24,Clouds,0.0,0.0
212,Burnie,AU,2020-02-28 04:15:50,-41.07,145.92,66.0,48,82,11.99,Clouds,0.0,0.0
213,La Ronge,CA,2020-02-28 04:15:51,55.1,-105.28,14.0,85,40,5.82,Clouds,0.0,0.0
214,Houma,US,2020-02-28 04:15:51,29.6,-90.72,46.4,67,1,5.57,Clear,0.0,0.0
215,Codrington,AU,2020-02-28 04:15:51,-38.27,141.97,61.41,75,66,11.88,Clouds,0.0,0.0
216,Simbahan,PH,2020-02-28 04:15:52,6.3,120.58,81.36,79,79,11.39,Clouds,0.0,0.0
217,Izacic,BA,2020-02-28 04:15:52,44.88,15.78,36.0,93,61,14.45,Rain,3.0,0.0
218,Patterson,US,2020-02-28 04:15:52,37.47,-121.13,66.0,59,1,3.36,Clear,0.0,0.0
219,Muisne,EC,2020-02-28 04:15:52,0.6,-80.03,76.6,89,4,3.02,Clear,0.0,0.0
220,Upernavik,GL,2020-02-28 04:15:53,72.79,-56.15,-14.84,67,100,2.46,Clouds,0.0,0.0
221,Bredasdorp,ZA,2020-02-28 04:15:53,-34.53,20.04,64.4,72,93,11.41,Rain,0.5,0.0
222,Progreso,MX,2020-02-28 04:15:53,21.28,-89.67,69.8,60,90,6.93,Clouds,0.0,0.0
223,Palauig,PH,2020-02-28 04:15:54,15.44,119.9,84.49,44,1,6.49,Clear,0.0,0.0
224,Saint George,US,2020-02-28 04:13:01,37.1,-113.58,54.0,43,1,4.7,Clear,0.0,0.0
225,Malpe,IN,2020-02-28 04:15:54,13.35,74.72,80.6,78,20,5.82,Mist,0.0,0.0
226,Tiznit,MA,2020-02-28 04:15:55,29.58,-9.5,62.67,18,0,5.64,Clear,0.0,0.0
227,Mountain Home,US,2020-02-28 04:11:58,43.13,-115.69,44.6,60,1,4.7,Clear,0.0,0.0
228,Saldanha,ZA,2020-02-28 04:15:56,-33.01,17.94,64.4,63,0,5.82,Clear,0.0,0.0
229,Olafsvik,IS,2020-02-28 04:15:56,64.89,-23.71,26.06,79,100,23.82,Snow,0.0,1.69
230,Harlingen,US,2020-02-28 04:15:56,26.19,-97.7,57.99,56,1,5.82,Clear,0.0,0.0
231,Tshikapa,CD,2020-02-28 04:15:57,-6.42,20.8,70.38,97,100,2.53,Clouds,0.0,0.0
232,Ko Samui,TH,2020-02-28 04:14:20,9.54,99.94,84.2,70,20,13.87,Clouds,0.0,0.0
233,Pishva,IR,2020-02-28 04:15:57,35.31,51.73,39.2,61,0,1.21,Clear,0.0,0.0
234,Neryungri,RU,2020-02-28 04:15:57,56.67,124.65,7.25,87,20,2.77,Clouds,0.0,0.0
235,Omsukchan,RU,2020-02-28 04:15:58,62.53,155.8,-2.81,84,0,6.11,Clear,0.0,0.0
236,Huarmey,PE,2020-02-28 04:15:58,-10.07,-78.15,70.97,81,87,2.26,Clouds,0.0,0.0
237,Benguela,AO,2020-02-28 04:15:59,-12.58,13.41,76.95,78,100,4.92,Clouds,0.0,0.0
238,Saint Simons,US,2020-02-28 04:15:59,31.14,-81.39,46.4,65,1,5.82,Clear,0.0,0.0
239,Alice Springs,AU,2020-02-28 04:15:59,-23.7,133.88,91.4,19,29,12.75,Clouds,0.0,0.0
240,Huilong,CN,2020-02-28 04:16:00,31.81,121.66,57.0,72,100,4.36,Rain,1.13,0.0
241,Chimbote,PE,2020-02-28 04:16:00,-9.09,-78.58,73.56,77,100,6.62,Clouds,0.0,0.0
242,Richards Bay,ZA,2020-02-28 04:12:32,-28.78,32.04,77.32,84,99,26.28,Rain,0.81,0.0
243,Kruisfontein,ZA,2020-02-28 04:13:33,-34.0,24.73,59.72,86,100,9.04,Rain,0.75,0.0
244,Corlu,TR,2020-02-28 04:16:01,41.16,27.8,39.0,86,0,3.36,Clear,0.0,0.0
245,Cidreira,BR,2020-02-28 04:16:01,-30.18,-50.21,70.12,66,0,6.87,Clear,0.0,0.0
246,Tagusao,PH,2020-02-28 04:16:02,9.19,117.81,83.26,69,97,12.64,Rain,0.13,0.0
247,Saint-Francois,FR,2020-02-28 04:16:02,46.42,3.91,34.0,86,68,3.06,Clouds,0.0,0.0
248,Los Llanos De Aridane,ES,2020-02-28 04:16:03,28.66,-17.92,64.4,68,90,6.93,Clouds,0.0,0.0
249,Kamenka,RU,2020-02-28 04:16:03,51.32,42.77,45.0,93,100,8.99,Clouds,0.0,0.0
250,Luanda,AO,2020-02-28 04:15:23,-8.84,13.23,77.0,83,40,3.36,Clouds,0.0,0.0
251,Kavaratti,IN,2020-02-28 04:16:04,10.57,72.64,84.2,74,20,2.46,Clouds,0.0,0.0
252,Riyadh,SA,2020-02-28 04:12:09,24.69,46.72,48.2,57,0,1.1,Clear,0.0,0.0
253,Hualmay,PE,2020-02-28 04:16:04,-11.1,-77.61,71.71,81,100,5.12,Clouds,0.0,0.0
254,Tocopilla,CL,2020-02-28 04:16:04,-22.09,-70.2,60.17,65,0,1.66,Clear,0.0,0.0
255,Costa Rica,BR,2020-02-28 04:16:05,-23.42,-54.65,66.24,71,0,2.84,Clear,0.0,0.0
256,Pemangkat,ID,2020-02-28 04:16:06,1.17,108.97,83.14,77,29,8.21,Clouds,0.0,0.0
257,Novoagansk,RU,2020-02-28 04:16:06,61.94,76.66,14.61,94,100,12.68,Snow,0.0,0.19
258,Deputatskiy,RU,2020-02-28 04:16:06,69.3,139.9,1.8,92,14,6.58,Clouds,0.0,0.0
259,Ponta Delgada,PT,2020-02-28 04:16:07,37.73,-25.67,60.8,93,75,11.41,Clouds,0.0,0.0
260,Westport,US,2020-02-28 04:14:05,41.14,-73.36,34.0,42,20,17.22,Clouds,0.0,0.0
261,Sabancuy,MX,2020-02-28 04:16:07,18.97,-91.18,68.99,77,43,7.23,Clouds,0.0,0.0
262,Beloha,MG,2020-02-28 04:16:08,-25.17,45.05,68.09,81,0,5.14,Clear,0.0,0.0
263,Hofn,IS,2020-02-28 04:16:08,64.25,-15.21,34.84,78,100,38.59,Snow,0.0,0.38
264,Port Said,EG,2020-02-28 04:16:09,31.26,32.28,55.4,87,0,4.7,Clear,0.0,0.0
265,Karratha,AU,2020-02-28 04:16:09,-20.74,116.85,83.82,75,15,6.96,Clouds,0.0,0.0
266,Nara,JP,2020-02-28 04:12:00,34.69,135.8,52.0,45,75,6.93,Clouds,0.0,0.0
267,Fukue,JP,2020-02-28 04:16:10,32.69,128.84,53.6,76,75,4.7,Clouds,0.0,0.0
268,Hambantota,LK,2020-02-28 04:16:10,6.12,81.12,82.4,83,100,14.99,Clouds,0.0,0.0
269,Bardiyah,LY,2020-02-28 04:16:11,31.76,25.09,59.07,78,27,12.15,Clouds,0.0,0.0
270,Severo-Kurilsk,RU,2020-02-28 04:16:11,50.68,156.12,26.15,96,100,1.28,Snow,0.0,1.69
271,Santa Fe,AR,2020-02-28 04:16:11,-31.63,-60.7,73.0,52,0,5.01,Clear,0.0,0.0
272,Kudahuvadhoo,MV,2020-02-28 04:16:11,2.67,72.89,81.18,79,100,17.78,Clouds,0.0,0.0
273,Port Lincoln,AU,2020-02-28 04:16:12,-34.73,135.87,68.68,56,41,9.13,Clouds,0.0,0.0
274,Bodden Town,KY,2020-02-28 04:16:12,19.28,-81.25,80.6,74,40,9.17,Clouds,0.0,0.0
275,Katsuura,JP,2020-02-28 04:16:13,35.13,140.3,52.0,49,20,12.75,Clouds,0.0,0.0
276,Nanortalik,GL,2020-02-28 04:16:13,60.14,-45.24,13.32,62,0,12.57,Clear,0.0,0.0
277,Lagunas,PE,2020-02-28 04:16:13,-5.23,-75.68,74.48,97,100,1.54,Clouds,0.0,0.0
278,Muros,ES,2020-02-28 04:16:14,42.78,-9.06,54.0,100,75,8.05,Clouds,0.0,0.0
279,Ponta Do Sol,PT,2020-02-28 04:16:14,32.67,-17.1,59.0,72,40,5.82,Clouds,0.0,0.0
280,Tucupita,VE,2020-02-28 04:16:15,9.06,-62.05,71.17,89,67,4.43,Clouds,0.0,0.0
281,Prainha,BR,2020-02-28 04:16:15,-1.8,-53.48,75.34,81,80,2.8,Clouds,0.0,0.0
282,Ancud,CL,2020-02-28 04:16:16,-41.87,-73.82,57.2,93,90,2.24,Clouds,0.0,0.0
283,Kahului,US,2020-02-28 04:14:21,20.89,-156.47,77.0,57,20,20.8,Clouds,0.0,0.0
284,Luba,GQ,2020-02-28 04:16:17,3.46,8.55,77.0,94,20,5.82,Clouds,0.0,0.0
285,Toba,JP,2020-02-28 04:16:17,34.48,136.85,50.0,31,75,11.41,Clouds,0.0,0.0
286,Ubauro,PK,2020-02-28 04:16:17,28.17,69.73,69.55,31,0,13.06,Clear,0.0,0.0
287,Mongu,ZM,2020-02-28 04:16:18,-15.25,23.13,67.23,94,89,5.5,Clouds,0.0,0.0
288,Sao Gabriel,BR,2020-02-28 04:16:18,-30.34,-54.32,65.32,53,0,8.97,Clear,0.0,0.0
289,Guasdualito,VE,2020-02-28 04:16:18,7.24,-70.73,82.4,58,6,5.21,Clear,0.0,0.0
290,Port Elizabeth,ZA,2020-02-28 04:16:18,-33.92,25.57,64.4,72,90,3.36,Clouds,0.0,0.0
291,Mount Gambier,AU,2020-02-28 04:16:19,-37.83,140.77,66.2,63,90,11.41,Clouds,0.0,0.0
292,Port Hardy,CA,2020-02-28 04:16:19,50.7,-127.42,42.8,93,75,1.39,Clouds,0.0,0.0
293,Ugoofaaru,MV,2020-02-28 04:16:19,5.67,73.0,82.54,70,100,13.35,Clouds,0.0,0.0
294,Kieta,PG,2020-02-28 04:16:20,-6.22,155.63,83.93,75,0,9.17,Clear,0.0,0.0
295,Bull Savanna,JM,2020-02-28 04:16:20,17.89,-77.59,70.16,92,58,1.88,Rain,0.44,0.0
296,Tuktoyaktuk,CA,2020-02-28 04:16:21,69.45,-133.04,-34.6,65,5,4.7,Clear,0.0,0.0
297,Wufeng,CN,2020-02-28 04:16:21,27.45,104.83,47.34,93,100,4.18,Rain,0.25,0.0
298,Pacific Grove,US,2020-02-28 04:16:22,36.62,-121.92,64.0,82,1,5.1,Clear,0.0,0.0
299,Moron De La Frontera,ES,2020-02-28 04:16:22,37.12,-5.45,53.6,76,0,10.29,Clear,0.0,0.0
300,Nemuro,JP,2020-02-28 04:16:22,43.32,145.57,28.4,39,75,6.93,Clouds,0.0,0.0
301,Mtwara,TZ,2020-02-28 04:16:23,-10.27,40.18,77.0,94,40,1.88,Clouds,0.0,0.0
302,Vaitape,PF,2020-02-28 04:16:24,-16.52,-151.75,83.66,64,100,4.38,Clouds,0.0,0.0
303,Hirara,JP,2020-02-28 04:16:24,24.8,125.28,77.0,65,40,12.75,Clouds,0.0,0.0
304,Liberal,US,2020-02-28 04:16:24,37.04,-100.92,35.6,50,1,7.74,Clear,0.0,0.0
305,Sioux Lookout,CA,2020-02-28 04:15:34,50.1,-91.92,6.8,76,5,2.24,Clear,0.0,0.0
306,Correntina,BR,2020-02-28 04:16:25,-13.34,-44.64,71.64,90,100,2.93,Rain,0.25,0.0
307,Emirdag,TR,2020-02-28 04:16:25,39.02,31.15,39.88,85,62,11.45,Rain,1.06,0.0
308,Guangyuan,CN,2020-02-28 04:11:26,32.44,105.82,64.99,46,100,4.34,Clouds,0.0,0.0
309,Rocha,UY,2020-02-28 04:13:28,-34.48,-54.33,62.89,56,0,8.39,Clear,0.0,0.0
310,Tromso,NO,2020-02-28 04:14:04,69.65,18.96,26.6,53,88,24.16,Clouds,0.0,0.0
311,Yar-Sale,RU,2020-02-28 04:16:26,66.83,70.83,6.94,83,69,6.42,Clouds,0.0,0.0
312,Saskylakh,RU,2020-02-28 04:16:27,71.92,114.08,10.38,68,25,14.25,Clouds,0.0,0.0
313,Aitape,PG,2020-02-28 04:16:27,-3.14,142.35,83.64,71,0,5.3,Clear,0.0,0.0
314,Jalingo,NG,2020-02-28 04:16:28,8.88,11.37,79.47,19,99,5.26,Clouds,0.0,0.0
315,Tallahassee,US,2020-02-28 04:13:46,30.44,-84.28,44.01,93,75,4.7,Clouds,0.0,0.0
316,Manaure,CO,2020-02-28 04:16:28,11.78,-72.44,77.41,89,42,17.6,Clouds,0.0,0.0
317,Mwense,ZM,2020-02-28 04:16:29,-10.38,28.7,66.49,98,100,1.32,Rain,0.56,0.0
318,Pandan,PH,2020-02-28 04:16:29,14.05,124.17,79.29,74,41,19.06,Rain,0.25,0.0
319,Taksimo,RU,2020-02-28 04:16:29,56.34,114.88,5.52,87,49,2.68,Clouds,0.0,0.0
320,Port Augusta,AU,2020-02-28 04:16:30,-32.5,137.77,81.0,53,0,12.75,Clear,0.0,0.0
321,Cuenca,EC,2020-02-28 04:16:30,-2.88,-78.98,57.2,100,90,2.24,Clouds,0.0,0.0
322,Maldonado,UY,2020-02-28 04:16:30,-34.67,-54.92,64.99,77,0,6.93,Clear,0.0,0.0
323,Berdigestyakh,RU,2020-02-28 04:16:31,62.1,126.7,9.57,93,100,2.01,Clouds,0.0,0.0
324,Luderitz,NA,2020-02-28 04:16:31,-26.65,15.16,60.8,82,0,13.87,Clear,0.0,0.0
325,Nyahururu,KE,2020-02-28 04:16:31,0.04,36.37,55.35,78,46,5.37,Clouds,0.0,0.0
326,La Reforma,MX,2020-02-28 04:16:31,25.08,-108.05,64.4,82,5,5.61,Clear,0.0,0.0
327,Leh,IN,2020-02-28 04:16:05,34.17,77.58,7.68,65,91,3.02,Clouds,0.0,0.0
328,Teya,RU,2020-02-28 04:16:32,60.38,92.63,9.64,87,0,8.12,Clear,0.0,0.0
329,Guerrero Negro,MX,2020-02-28 04:15:47,27.98,-114.06,67.53,31,91,3.33,Clouds,0.0,0.0
330,Aswan,EG,2020-02-28 04:13:32,24.09,32.91,59.09,52,5,7.58,Clear,0.0,0.0
331,Belgrade,RS,2020-02-28 04:16:33,44.8,20.47,43.0,69,40,9.17,Clouds,0.0,0.0
332,Bairiki,KI,2020-02-28 04:13:28,1.33,172.98,87.8,79,75,11.41,Clouds,0.0,0.0
333,Menongue,AO,2020-02-28 04:16:34,-14.66,17.69,63.91,98,100,4.79,Rain,8.25,0.0
334,Kratovo,MK,2020-02-28 04:16:35,42.08,22.18,28.4,92,66,3.36,Clouds,0.0,0.0
335,Ames,US,2020-02-28 04:13:36,42.03,-93.62,28.4,92,90,4.7,Clouds,0.0,0.0
336,Ouesso,CG,2020-02-28 04:16:35,1.61,16.05,75.04,68,51,2.62,Clouds,0.0,0.0
337,Maralal,KE,2020-02-28 04:16:36,1.1,36.7,64.92,75,8,6.53,Clear,0.0,0.0
338,Sokoni,TZ,2020-02-28 04:16:36,-6.43,39.55,78.8,94,20,7.92,Clouds,0.0,0.0
339,Rafai,CF,2020-02-28 04:16:36,4.95,23.92,67.98,30,2,2.91,Clear,0.0,0.0
340,Glens Falls,US,2020-02-28 04:13:12,43.31,-73.64,28.4,49,20,11.41,Clouds,0.0,0.0
341,Vrangel,RU,2020-02-28 04:16:37,42.73,133.08,31.01,54,97,3.38,Clouds,0.0,0.0
342,Ribeira Grande,PT,2020-02-28 04:16:37,38.52,-28.7,60.26,93,100,15.84,Rain,0.25,0.0
343,Mantua,IT,2020-02-28 04:16:38,45.17,10.78,48.0,52,8,12.75,Clear,0.0,0.0
344,Beitbridge,ZW,2020-02-28 04:16:38,-22.22,30.0,70.65,58,0,3.89,Clear,0.0,0.0
345,Zonguldak,TR,2020-02-28 04:16:38,41.25,31.83,37.78,86,100,3.56,Snow,0.0,0.5
346,Vuktyl,RU,2020-02-28 04:16:39,63.86,57.31,8.33,97,94,4.59,Clouds,0.0,0.0
347,Maryborough,AU,2020-02-28 04:16:39,-25.53,152.7,87.01,66,0,3.22,Clear,0.0,0.0
348,Gazanjyk,TM,2020-02-28 04:16:39,39.24,55.52,37.24,61,0,8.57,Clear,0.0,0.0
349,Elizabeth City,US,2020-02-28 04:16:39,36.29,-76.25,44.6,51,1,4.7,Clear,0.0,0.0
350,Fortuna,US,2020-02-28 04:16:40,40.6,-124.16,48.0,100,1,1.59,Clear,0.0,0.0
351,Ipixuna,BR,2020-02-28 04:16:40,-1.76,-48.8,80.6,83,75,9.17,Clouds,0.0,0.0
352,Makinsk,KZ,2020-02-28 04:16:40,52.63,70.42,30.67,91,100,15.57,Clouds,0.0,0.0
353,Pietarsaari,FI,2020-02-28 04:16:41,63.65,22.68,34.0,84,0,2.24,Clear,0.0,0.0
354,Hammond,US,2020-02-28 04:16:42,41.58,-87.5,26.6,62,1,6.08,Clear,0.0,0.0
355,Fare,PF,2020-02-28 04:16:42,-16.7,-151.02,83.84,62,99,3.11,Clouds,0.0,0.0
356,Acarau,BR,2020-02-28 04:16:43,-2.89,-40.12,76.14,91,100,2.75,Clouds,0.0,0.0
357,Noyabrsk,RU,2020-02-28 04:16:43,63.2,75.45,11.26,94,100,10.51,Clouds,0.0,0.0
358,Mitsamiouli,KM,2020-02-28 04:16:43,-11.38,43.28,80.6,88,20,4.7,Clouds,0.0,0.0
359,Raga,SS,2020-02-28 04:16:44,8.46,25.68,68.04,19,3,3.47,Clear,0.0,0.0
360,Paita,PE,2020-02-28 04:16:44,-5.09,-81.11,77.45,74,90,8.97,Clouds,0.0,0.0
361,Novoorsk,RU,2020-02-28 04:16:44,51.38,58.98,28.4,68,100,8.95,Clouds,0.0,0.0
362,Imeni Poliny Osipenko,RU,2020-02-28 04:12:05,52.42,136.49,14.77,82,13,2.08,Clouds,0.0,0.0
363,Avera,US,2020-02-28 04:16:45,33.19,-82.53,42.01,64,1,4.7,Clear,0.0,0.0
364,Damghan,IR,2020-02-28 04:16:46,36.17,54.35,37.51,72,0,1.66,Clear,0.0,0.0
365,Nalut,LY,2020-02-28 04:16:46,30.33,10.85,52.09,48,0,11.43,Clear,0.0,0.0
366,San Matias,BO,2020-02-28 04:16:46,-16.37,-58.4,71.87,62,100,4.05,Clouds,0.0,0.0
367,Sharjah,AE,2020-02-28 04:15:02,25.36,55.4,68.0,77,40,6.93,Clouds,0.0,0.0
368,Basco,PH,2020-02-28 04:16:47,20.45,121.97,75.63,80,35,19.89,Clouds,0.0,0.0
369,Yuanping,CN,2020-02-28 04:16:48,38.72,112.76,41.29,67,9,3.56,Clear,0.0,0.0
370,Mancio Lima,BR,2020-02-28 04:14:20,-7.61,-72.9,73.99,97,100,0.18,Clouds,0.0,0.0
371,Te Anau,NZ,2020-02-28 04:16:48,-45.42,167.72,61.57,65,4,15.32,Clear,0.0,0.0
372,Harper,LR,2020-02-28 04:16:49,4.38,-7.72,78.21,94,0,3.04,Clear,0.0,0.0
373,San Quintin,MX,2020-02-28 04:16:49,30.48,-115.95,63.39,37,100,9.37,Clouds,0.0,0.0
374,Leningradskiy,RU,2020-02-28 04:16:49,69.38,178.42,8.26,78,98,9.62,Clouds,0.0,0.0
375,Beringovskiy,RU,2020-02-28 04:16:50,63.05,179.32,-0.85,82,25,6.17,Clouds,0.0,0.0
376,Cheremukhovo,RU,2020-02-28 04:16:50,60.35,59.99,11.08,88,96,1.83,Clouds,0.0,0.0
377,Maceio,BR,2020-02-28 04:16:50,-9.67,-35.74,78.8,88,20,5.82,Clouds,0.0,0.0
378,Dembi Dolo,ET,2020-02-28 04:16:51,8.53,34.8,68.54,45,45,2.62,Clouds,0.0,0.0
379,Cahul,MD,2020-02-28 04:16:51,45.91,28.19,35.89,69,0,6.06,Clear,0.0,0.0
380,Bukavu,CD,2020-02-28 04:16:51,-2.51,28.86,59.7,95,100,0.78,Clouds,0.0,0.0
381,Invermere,CA,2020-02-28 04:15:34,50.52,-116.04,25.95,96,100,3.91,Snow,0.0,0.13
382,Rawlins,US,2020-02-28 04:16:52,41.79,-107.24,28.4,68,1,19.46,Clear,0.0,0.0
383,Taltal,CL,2020-02-28 04:16:52,-25.4,-70.48,62.89,85,0,3.31,Clear,0.0,0.0
384,Havelock,US,2020-02-28 04:16:14,34.88,-76.9,42.8,59,1,6.93,Clear,0.0,0.0
385,Omboue,GA,2020-02-28 04:16:53,-1.57,9.26,77.77,92,100,1.39,Clouds,0.0,0.0
386,Carutapera,BR,2020-02-28 04:16:53,-1.2,-46.02,81.14,83,86,14.88,Rain,0.81,0.0
387,Tabora,TZ,2020-02-28 04:12:32,-5.02,32.8,66.2,93,75,4.54,Thunderstorm,0.0,0.0
388,Marawi,PH,2020-02-28 04:16:54,8.0,124.29,82.0,86,93,7.0,Clouds,0.0,0.0
389,Moron,AR,2020-02-28 04:16:55,-34.65,-58.62,78.01,78,45,8.05,Clouds,0.0,0.0
390,Bandarbeyla,SO,2020-02-28 04:13:13,9.49,50.81,77.29,75,58,16.24,Clouds,0.0,0.0
391,Matina,CR,2020-02-28 04:16:55,10.08,-83.29,75.99,94,37,3.27,Clouds,0.0,0.0
392,Marsh Harbour,BS,2020-02-28 04:16:55,26.54,-77.06,65.53,62,5,14.0,Clear,0.0,0.0
393,Ambanja,MG,2020-02-28 04:16:56,-13.68,48.45,78.8,94,40,2.24,Clouds,0.0,0.0
394,San Cristobal,VE,2020-02-28 04:16:56,7.77,-72.22,82.4,65,40,4.7,Haze,0.0,0.0
395,Araouane,ML,2020-02-28 04:16:56,18.9,-3.53,67.48,9,0,10.02,Clear,0.0,0.0
396,Axim,GH,2020-02-28 04:16:57,4.87,-2.24,77.85,96,39,1.54,Clouds,0.0,0.0
397,Shwebo,MM,2020-02-28 04:16:57,22.57,95.7,73.29,50,0,11.21,Clear,0.0,0.0
398,Maragogi,BR,2020-02-28 04:14:52,-9.01,-35.22,82.17,80,13,12.97,Clouds,0.0,0.0
399,Teguise,ES,2020-02-28 04:16:58,29.06,-13.56,57.2,82,1,1.12,Clear,0.0,0.0
400,Alghero,IT,2020-02-28 04:16:59,40.56,8.32,57.2,71,20,8.05,Clouds,0.0,0.0
401,Horta,PT,2020-02-28 04:14:03,38.53,-28.63,60.26,93,100,15.84,Rain,0.25,0.0
402,Poronaysk,RU,2020-02-28 04:17:00,49.22,143.12,13.68,71,22,3.0,Clouds,0.0,0.0
403,Hithadhoo,MV,2020-02-28 04:17:01,-0.6,73.08,83.64,76,99,13.51,Clouds,0.0,0.0
404,Jonesboro,US,2020-02-28 04:14:47,35.84,-90.7,42.8,74,20,9.93,Clouds,0.0,0.0
405,Sovetskiy,RU,2020-02-28 04:17:01,61.36,63.58,9.25,91,0,4.5,Clear,0.0,0.0
406,Shizunai,JP,2020-02-28 04:17:02,42.33,142.37,27.01,63,0,7.99,Clear,0.0,0.0
407,North Bend,US,2020-02-28 04:17:02,43.41,-124.22,48.99,93,1,5.01,Clear,0.0,0.0
408,Tottenham,AU,2020-02-28 04:17:03,-32.23,147.35,81.41,20,0,11.03,Clear,0.0,0.0
409,Cordoba,AR,2020-02-28 04:15:30,-31.41,-64.18,72.0,100,0,8.05,Clear,0.0,0.0
410,Naifaru,MV,2020-02-28 04:17:03,5.44,73.37,82.71,70,100,14.47,Clouds,0.0,0.0
411,Udomlya,RU,2020-02-28 04:17:03,57.88,34.99,30.67,92,100,10.47,Snow,0.0,0.19
412,Sorong,ID,2020-02-28 04:17:04,-0.88,131.25,93.51,51,68,3.11,Clouds,0.0,0.0
413,Dryden,CA,2020-02-28 04:17:04,49.78,-92.75,6.8,50,1,4.7,Clear,0.0,0.0
414,Ostrovnoy,RU,2020-02-28 04:17:04,68.05,39.51,9.95,70,0,12.64,Clear,0.0,0.0
415,Elko,US,2020-02-28 04:15:52,41.0,-115.5,42.8,35,1,3.36,Clear,0.0,0.0
416,Paamiut,GL,2020-02-28 04:17:05,61.99,-49.67,-3.19,52,0,7.09,Clear,0.0,0.0
417,Taoudenni,ML,2020-02-28 04:17:05,22.68,-3.98,66.15,13,0,10.02,Clear,0.0,0.0
418,Jiuquan,CN,2020-02-28 04:17:06,39.74,98.52,43.45,14,25,4.34,Clouds,0.0,0.0
419,Odweyne,SO,2020-02-28 04:17:06,9.41,45.06,64.78,25,0,6.58,Clear,0.0,0.0
420,Mecca,SA,2020-02-28 04:17:06,21.43,39.83,67.59,45,0,0.83,Clear,0.0,0.0
421,Yerbogachen,RU,2020-02-28 04:16:19,61.28,108.01,5.36,92,65,3.36,Clouds,0.0,0.0
422,Iracoubo,GF,2020-02-28 04:17:07,5.48,-53.2,78.48,75,0,12.93,Clear,0.0,0.0
423,Paso De Carrasco,UY,2020-02-28 04:17:07,-34.86,-56.05,75.0,52,0,6.93,Clear,0.0,0.0
424,Lavrentiya,RU,2020-02-28 04:17:08,65.58,-171.0,-10.68,84,0,1.32,Clear,0.0,0.0
425,Miri,MY,2020-02-28 04:17:08,4.41,114.01,86.0,79,75,8.05,Clouds,0.0,0.0
426,Telesti,RO,2020-02-28 04:17:08,45.0,23.08,33.96,72,100,0.49,Clouds,0.0,0.0
427,Jinhua,CN,2020-02-28 04:17:09,29.11,119.65,63.73,70,100,3.0,Clouds,0.0,0.0
428,Port Macquarie,AU,2020-02-28 04:15:22,-31.43,152.92,82.99,54,1,17.22,Clear,0.0,0.0
429,Codajas,BR,2020-02-28 04:17:09,-3.84,-62.06,74.75,98,100,2.82,Rain,4.06,0.0
430,Richfield,US,2020-02-28 04:14:38,44.88,-93.28,21.2,57,90,3.36,Clouds,0.0,0.0
431,Ahipara,NZ,2020-02-28 04:17:10,-35.17,173.17,69.24,75,2,8.41,Clear,0.0,0.0
432,Lima,PE,2020-02-28 04:15:15,-12.04,-77.03,75.2,83,20,8.05,Clouds,0.0,0.0
433,Pangnirtung,CA,2020-02-28 04:17:11,66.15,-65.71,-30.26,97,100,0.22,Clouds,0.0,0.0
434,Kaabong,UG,2020-02-28 04:17:11,3.48,34.15,72.95,55,67,5.84,Clouds,0.0,0.0
435,Herre,NO,2020-02-28 04:17:04,59.1,9.57,26.01,79,99,4.7,Snow,0.0,1.75
436,Samarai,PG,2020-02-28 04:17:13,-10.62,150.67,87.58,65,98,2.37,Rain,2.19,0.0
437,Puerto Escondido,MX,2020-02-28 04:14:15,15.85,-97.07,78.8,88,5,3.36,Clear,0.0,0.0
438,Hailar,CN,2020-02-28 04:17:14,49.2,119.7,7.48,92,90,7.81,Clouds,0.0,0.0
439,Arlit,NE,2020-02-28 04:17:14,18.74,7.39,67.59,13,0,8.32,Clear,0.0,0.0
440,Kuteynykove,UA,2020-02-28 04:17:14,47.81,38.29,42.12,85,100,10.13,Clouds,0.0,0.0
441,Broken Hill,AU,2020-02-28 04:17:15,-31.95,141.43,71.6,35,0,14.99,Clear,0.0,0.0
442,Nouadhibou,MR,2020-02-28 04:17:15,20.93,-17.03,64.4,72,0,19.46,Clear,0.0,0.0
443,Bose,IT,2020-02-28 04:17:15,45.46,8.01,43.0,74,0,2.24,Clear,0.0,0.0
444,Dunedin,NZ,2020-02-28 04:17:16,-45.87,170.5,69.01,68,98,3.0,Clouds,0.0,0.0
445,Bende,NG,2020-02-28 04:17:16,5.56,7.64,79.86,80,100,4.41,Clouds,0.0,0.0
446,Porto Novo,BJ,2020-02-28 04:17:17,6.5,2.6,82.4,88,40,3.36,Clouds,0.0,0.0
447,Olinda,BR,2020-02-28 04:17:17,-8.01,-34.86,84.2,74,40,5.82,Clouds,0.0,0.0
448,Iberia,US,2020-02-28 04:17:17,29.95,-91.75,45.0,86,1,4.7,Clear,0.0,0.0
449,Caceres,ES,2020-02-28 04:17:17,39.52,-6.37,44.01,80,0,2.39,Clear,0.0,0.0
450,Hanna,CA,2020-02-28 04:17:18,51.63,-111.9,33.01,70,0,6.73,Clear,0.0,0.0
451,Northam,GB,2020-02-28 04:17:18,51.03,-4.22,43.0,85,100,7.0,Clouds,0.0,0.0
452,Kaputa,ZM,2020-02-28 04:17:18,-8.47,29.66,64.81,95,100,1.1,Rain,0.44,0.0
453,Ormara,PK,2020-02-28 04:17:19,25.21,64.64,73.98,79,5,9.66,Clear,0.0,0.0
454,Tuy Hoa,VN,2020-02-28 04:17:19,13.08,109.3,74.66,79,66,15.37,Clouds,0.0,0.0
455,Vila,PT,2020-02-28 04:17:19,42.03,-8.16,53.01,100,90,5.82,Fog,0.0,0.0
456,Oranjemund,NA,2020-02-28 04:17:20,-28.55,16.43,58.39,94,18,6.89,Clouds,0.0,0.0
457,Vestmanna,FO,2020-02-28 04:17:20,62.16,-7.17,33.8,64,100,9.17,Clouds,0.0,0.0
458,Midland,US,2020-02-28 04:13:52,32.0,-102.08,51.8,29,1,6.17,Clear,0.0,0.0
459,Conde,BR,2020-02-28 04:17:21,-7.26,-34.91,78.8,94,75,3.36,Clouds,0.0,0.0
460,Lisakovsk,KZ,2020-02-28 04:17:15,52.54,62.49,27.19,80,95,13.02,Clouds,0.0,0.0
461,Pimentel,PE,2020-02-28 04:17:21,-6.84,-79.93,66.2,29,75,13.87,Clouds,0.0,0.0
462,Los Aquijes,PE,2020-02-28 04:17:22,-14.1,-75.69,73.4,88,75,8.05,Clouds,0.0,0.0
463,Hami,CN,2020-02-28 04:17:22,42.8,93.45,42.57,43,100,16.69,Clouds,0.0,0.0
464,Mizdah,LY,2020-02-28 04:17:22,31.45,12.98,47.59,84,0,2.62,Clear,0.0,0.0
465,Verkhnyaya Inta,RU,2020-02-28 04:17:23,65.98,60.31,13.19,94,100,14.34,Snow,0.0,0.25
466,Pueblo Nuevo,MX,2020-02-28 04:17:12,23.38,-105.38,51.46,62,0,4.5,Clear,0.0,0.0
467,Oxnard,US,2020-02-28 04:17:23,34.2,-119.18,70.0,42,1,5.32,Clear,0.0,0.0
468,Cherskiy,RU,2020-02-28 04:17:24,68.75,161.3,5.77,94,100,16.96,Snow,0.0,1.13
469,Coahuayana,MX,2020-02-28 04:17:24,18.73,-103.68,69.8,77,5,3.6,Clear,0.0,0.0
470,Jumla,NP,2020-02-28 04:17:24,29.27,82.18,44.01,84,0,1.99,Clear,0.0,0.0
471,San Martin,AR,2020-02-28 04:17:03,-33.08,-68.47,77.0,41,15,10.13,Clouds,0.0,0.0
472,Dillon,US,2020-02-28 04:17:25,34.42,-79.37,39.99,74,1,3.36,Clear,0.0,0.0
473,Stephenville,US,2020-02-28 04:17:25,32.22,-98.2,50.0,36,1,9.73,Clear,0.0,0.0
474,Qaqortoq,GL,2020-02-28 04:17:25,60.72,-46.03,8.6,39,0,3.36,Clear,0.0,0.0
475,Sur,OM,2020-02-28 04:17:26,22.57,59.53,70.11,72,64,14.81,Clouds,0.0,0.0
476,Angoche,MZ,2020-02-28 04:17:26,-16.23,39.91,73.71,98,99,5.68,Clouds,0.0,0.0
477,Kambove,CD,2020-02-28 04:17:27,-10.88,26.6,62.31,98,100,3.38,Rain,0.31,0.0
478,Xixiang,CN,2020-02-28 04:17:27,35.16,112.86,43.63,77,47,9.37,Clouds,0.0,0.0
479,Yulara,AU,2020-02-28 04:17:28,-25.24,130.99,93.2,21,0,14.99,Clear,0.0,0.0
480,Kloulklubed,PW,2020-02-28 04:17:28,7.04,134.26,78.8,94,90,11.41,Clouds,0.0,0.0
481,Jishu,CN,2020-02-28 04:17:29,44.32,126.8,28.49,95,100,12.55,Snow,0.0,0.69
482,Ippy,CF,2020-02-28 04:17:29,6.27,21.22,71.4,26,0,4.43,Clear,0.0,0.0
483,Beyneu,KZ,2020-02-28 04:17:30,45.32,55.2,34.86,51,33,17.96,Clouds,0.0,0.0
484,Erzin,TR,2020-02-28 04:17:30,36.96,36.2,53.01,100,40,2.24,Clouds,0.0,0.0
485,Denpasar,ID,2020-02-28 04:17:06,-8.65,115.22,89.6,75,20,5.44,Clouds,0.0,0.0
486,San Luis,AR,2020-02-28 04:14:40,-33.3,-66.34,74.39,33,0,12.35,Clear,0.0,0.0
487,Montepuez,MZ,2020-02-28 04:17:31,-13.13,39.0,69.01,98,97,1.39,Clouds,0.0,0.0
488,Shache,CN,2020-02-28 04:17:31,38.42,77.24,30.0,58,97,6.62,Clouds,0.0,0.0
489,Le Portel,FR,2020-02-28 04:17:32,50.71,1.58,35.01,60,54,3.36,Clouds,0.0,0.0
490,Zhezkazgan,KZ,2020-02-28 04:17:32,47.8,67.71,8.6,92,75,2.24,Mist,0.0,0.0
491,Sobolevo,RU,2020-02-28 04:17:33,54.43,31.9,29.82,87,0,7.83,Clear,0.0,0.0
492,Namatanai,PG,2020-02-28 04:17:33,-3.67,152.43,86.54,69,14,7.99,Rain,2.5,0.0
493,Saint-Louis,SN,2020-02-28 04:17:33,16.33,-15.0,75.2,27,0,4.7,Clear,0.0,0.0
494,Saquena,PE,2020-02-28 04:17:34,-4.67,-73.52,72.1,98,100,1.83,Clouds,0.0,0.0
495,Vao,NC,2020-02-28 04:17:34,-22.67,167.48,80.44,82,61,16.49,Rain,0.19,0.0
496,Horsham,GB,2020-02-28 04:17:34,51.06,-0.33,37.4,92,93,2.24,Clouds,0.0,0.0
497,Jijiga,ET,2020-02-28 04:17:35,9.35,42.8,55.15,32,4,7.27,Clear,0.0,0.0
498,Ito,JP,2020-02-28 04:17:35,34.97,139.08,50.0,42,40,12.75,Clouds,0.0,0.0
499,Morros,BR,2020-02-28 04:17:35,-9.45,-46.3,74.7,87,19,2.75,Rain,0.88,0.0
500,Zyryanka,RU,2020-02-28 04:17:36,65.75,150.85,4.03,78,68,4.68,Clouds,0.0,0.0
501,Sturgis,US,2020-02-28 04:17:36,41.8,-85.42,25.0,92,90,3.36,Clouds,0.0,0.0
502,Mayo,US,2020-02-28 04:17:36,38.89,-76.51,34.0,43,1,11.41,Clear,0.0,0.0
503,Kevsala,RU,2020-02-28 04:17:37,45.8,42.69,49.64,52,100,5.97,Clouds,0.0,0.0
504,Dok Kham Tai,TH,2020-02-28 04:17:37,19.16,99.99,81.95,35,78,4.9,Clouds,0.0,0.0
505,Cabo Rojo,PR,2020-02-28 04:13:10,18.09,-67.15,77.0,84,1,5.37,Clear,0.0,0.0
506,Hovd,MN,2020-02-28 04:17:38,48.01,91.64,26.71,36,0,7.78,Clear,0.0,0.0
507,Ulagan,RU,2020-02-28 04:17:39,50.63,87.96,10.36,82,100,4.99,Clouds,0.0,0.0
508,Ixtapa,MX,2020-02-28 04:17:39,20.7,-105.2,73.0,94,5,3.36,Clear,0.0,0.0
509,Pasco,US,2020-02-28 04:17:39,28.29,-82.42,53.01,66,1,6.93,Clear,0.0,0.0
510,Sorland,NO,2020-02-28 04:17:40,67.67,12.69,33.48,95,100,39.73,Snow,0.0,0.81
511,Dosso,NE,2020-02-28 04:17:40,13.05,3.19,74.07,14,0,11.14,Clear,0.0,0.0
512,Muroto,JP,2020-02-28 04:17:40,33.28,134.15,48.2,45,75,6.93,Clouds,0.0,0.0
513,Rusape,ZW,2020-02-28 04:17:41,-18.53,32.13,59.72,97,6,3.11,Clear,0.0,0.0
514,Khani,GE,2020-02-28 04:17:41,41.96,42.96,51.8,40,75,5.82,Clouds,0.0,0.0
515,Pacaembu,BR,2020-02-28 04:17:42,-21.56,-51.26,68.88,90,21,7.56,Clouds,0.0,0.0
516,Ahuimanu,US,2020-02-28 04:17:42,21.44,-157.84,80.6,56,1,13.87,Clear,0.0,0.0
517,Gunjur,GM,2020-02-28 04:17:42,13.2,-16.73,69.8,88,18,4.7,Clouds,0.0,0.0
518,Trairi,BR,2020-02-28 04:17:43,-3.28,-39.27,74.68,95,100,1.34,Clouds,0.0,0.0
519,Thap Than,TH,2020-02-28 04:17:43,15.46,99.89,88.05,36,88,7.02,Clouds,0.0,0.0
520,Kenai,US,2020-02-28 04:17:43,60.55,-151.26,26.6,58,1,3.36,Clear,0.0,0.0
521,Sao Jose Da Coroa Grande,BR,2020-02-28 04:17:44,-8.9,-35.15,82.17,80,13,12.97,Clouds,0.0,0.0
522,Sapuyes,CO,2020-02-28 04:17:44,1.04,-77.62,51.8,98,100,1.41,Rain,1.63,0.0
523,Gudari,IN,2020-02-28 04:17:44,19.35,83.78,73.27,47,0,1.07,Clear,0.0,0.0
524,Paso De Los Toros,UY,2020-02-28 04:17:45,-32.82,-56.52,68.31,39,0,6.78,Clear,0.0,0.0
525,Sonkovo,RU,2020-02-28 04:17:45,57.78,37.16,28.53,91,100,11.79,Clouds,0.0,0.0
526,Uaua,BR,2020-02-28 04:17:45,-9.84,-39.48,76.51,69,0,6.85,Clear,0.0,0.0
527,Binuangan,PH,2020-02-28 04:17:46,8.92,124.79,82.0,86,95,7.0,Clouds,0.0,0.0
528,Lorengau,PG,2020-02-28 04:17:46,-2.02,147.27,84.83,71,0,6.49,Rain,2.19,0.0
529,Merauke,ID,2020-02-28 04:13:19,-8.47,140.33,88.05,69,42,3.15,Rain,2.06,0.0
530,Narsaq,GL,2020-02-28 04:17:47,60.92,-46.05,8.6,39,0,3.36,Clear,0.0,0.0
531,Ilebo,CD,2020-02-28 04:17:47,-4.32,20.58,71.4,97,100,1.74,Rain,0.38,0.0
532,Mana,GF,2020-02-28 04:17:47,5.66,-53.78,69.94,90,23,2.35,Clouds,0.0,0.0
533,Nantucket,US,2020-02-28 04:15:51,41.28,-70.1,35.6,43,90,23.04,Clouds,0.0,0.0
534,Kabinda,CD,2020-02-28 04:17:48,-6.13,24.48,67.15,92,100,4.07,Clouds,0.0,0.0
535,Am Timan,TD,2020-02-28 04:17:49,11.03,20.28,72.73,22,48,4.68,Clouds,0.0,0.0
536,Bilma,NE,2020-02-28 04:17:49,18.69,12.92,65.16,14,0,5.88,Clear,0.0,0.0
537,Provost,CA,2020-02-28 04:14:56,52.35,-110.27,27.75,83,14,8.16,Clouds,0.0,0.0
538,Jutai,BR,2020-02-28 04:17:49,-5.18,-68.9,73.58,98,100,1.9,Rain,0.5,0.0
539,Riacho De Santana,BR,2020-02-28 04:17:50,-13.61,-42.94,72.1,90,100,2.37,Rain,1.38,0.0
540,Edson,CA,2020-02-28 04:17:50,53.58,-116.44,41.0,48,40,4.7,Clouds,0.0,0.0
541,Yabrud,SY,2020-02-28 04:17:51,33.97,36.66,46.0,87,20,4.05,Clouds,0.0,0.0
542,Karasburg,NA,2020-02-28 04:17:51,-28.02,18.75,68.7,34,0,6.24,Clear,0.0,0.0
543,Burns Lake,CA,2020-02-28 04:17:51,54.23,-125.75,28.63,84,0,7.2,Clear,0.0,0.0
544,Gerash,IR,2020-02-28 04:17:52,27.67,54.14,44.6,87,0,1.5,Clear,0.0,0.0
545,Sambava,MG,2020-02-28 04:17:52,-14.27,50.17,71.56,96,0,2.21,Clear,0.0,0.0
